Comune;Provincia;Regione;Nome;Anno inserimento;Data e ora inserimento;Identificatore in OpenStreetMap;Longitudine;Latitudine
ALTRO;ALTRO;ALTRO;Italian 3rd defense line trenches;2013;2013-10-27T08:09:34Z;2510073599;13.6609604;46.1854766
ALTRO;ALTRO;ALTRO;Kleiner Pal Rechter Flügel;2011;2011-10-22T20:17:16Z;1476948002;12.9521608;46.6040806999999ALTRO;ALTRO;ALTRO;Kleiner Pal Rechter Flügel;2011;2011-10-22T20:17:16Z;1476948002;12.9521608;
ALTRO;ALTRO;ALTRO;Maschinengewehrnase;2011;2011-11-01T14:29:37Z;1488558652;12.9483986;46.6078177999999
ALTRO;ALTRO;ALTRO;Sabotin - so?ka fronta;2015;2015-08-02T11:18:35Z;3069882115;13.6314665;45.990777
ALTRO;ALTRO;ALTRO;Schützengräben Köderköpfe;2013;2013-04-29T15:19:29Z;2281243415;13.0200394;46.6104863999999
VOLVERA;CITTA' METROPOLITANA DI TORINO;Piemonte;Battaglia della Marsaglia;2010;2010-11-24T12:22:35Z;1002343834;7.5030048;44.9734525
ALESSANDRIA;ALESSANDRIA;Piemonte;Museo della Battaglia di Marengo;2011;2011-08-01T21:44:37Z;1382267781;8.6692364;44.8947920999999
COGOLETO;CITTA' METROPOLITANA DI GENOVA;Liguria;Trincee tedesche;2015;2015-10-13T15:07:38Z;2905085949;8.6579543;44.3931437
PORTO CERESIO;VARESE;Lombardia;Linea cadorna;2011;2011-04-29T12:43:27Z;1264898933;8.913587;45.8987737
MELEGNANO;CITTA' METROPOLITANA DI MILANO;Lombardia;Il Portone della Battaglia di Marignano;2014;2014-12-22T11:56:11Z;1822710535;9.3234707;45.3570022999999
MAGASA;BRESCIA;Lombardia;;2010;2010-06-19T14:09:19Z;776341099;10.6002469;45.8020574999999
MAGASA;BRESCIA;Lombardia;;2010;2010-06-19T14:09:19Z;776341099;10.6002469;45.8020574999999
VALVESTINO;BRESCIA;Lombardia;;2010;2010-06-19T12:21:25Z;776149456;10.5604279;45.7744799999999
DOBBIACO;BOLZANO;Trentino-Alto Adige;;2015;2015-10-05T14:47:50Z;3773346891;12.2415825999999;46.6165515
DOBBIACO;BOLZANO;Trentino-Alto Adige;;2015;2015-10-05T14:47:50Z;3773346892;12.2415308;46.616553
DOBBIACO;BOLZANO;Trentino-Alto Adige;;2015;2015-10-05T14:47:52Z;3773346914;12.2415309;46.6165839
DOBBIACO;BOLZANO;Trentino-Alto Adige;;2015;2015-10-05T14:47:52Z;3773346915;12.2415309;46.6165839
DOBBIACO;BOLZANO;Trentino-Alto Adige;;2015;2015-10-05T14:47:52Z;3773346917;12.241579399999999;46.6165848999999
DOBBIACO;BOLZANO;Trentino-Alto Adige;;2015;2015-10-05T14:47:58Z;3773347225;12.2415471999999;46.6168561
DOBBIACO;BOLZANO;Trentino-Alto Adige;;2015;2015-10-05T14:47:58Z;3773347226;12.2415471999999;46.6168561
DOBBIACO;BOLZANO;Trentino-Alto Adige;;2015;2015-10-05T14:47:58Z;3773347227;12.2414954;46.6168576
DOBBIACO;BOLZANO;Trentino-Alto Adige;;2015;2015-10-05T14:47:58Z;3773347231;12.2414191;46.6168847
DOBBIACO;BOLZANO;Trentino-Alto Adige;;2015;2015-10-05T14:47:58Z;3773347232;12.2414191;46.6168847
DOBBIACO;BOLZANO;Trentino-Alto Adige;;2015;2015-10-05T14:47:59Z;3773347235;12.2415493;46.6168917999999
DOBBIACO;BOLZANO;Trentino-Alto Adige;;2015;2015-10-05T14:47:59Z;3773347236;12.2414976;46.6168933
DOBBIACO;BOLZANO;Trentino-Alto Adige;;2015;2015-10-05T14:47:59Z;3773347237;12.2413723999999;46.6169001
DOBBIACO;BOLZANO;Trentino-Alto Adige;;2015;2015-10-05T14:47:59Z;3773347242;12.2414348;46.6169073
DOBBIACO;BOLZANO;Trentino-Alto Adige;;2015;2015-10-05T14:47:59Z;3773347243;12.2413881;46.6169227
DOBBIACO;BOLZANO;Trentino-Alto Adige;;2015;2015-10-05T14:48:00Z;3773347253;12.2413963;46.6171302999999
DOBBIACO;BOLZANO;Trentino-Alto Adige;;2015;2015-10-05T14:48:00Z;3773347254;12.2413718;46.6171312999999
DOBBIACO;BOLZANO;Trentino-Alto Adige;;2015;2015-10-05T14:48:00Z;3773347255;12.2413718;46.6171312999999
DOBBIACO;BOLZANO;Trentino-Alto Adige;;2015;2015-10-05T14:48:00Z;3773347256;12.2413972;46.6171488999999
DOBBIACO;BOLZANO;Trentino-Alto Adige;;2015;2015-10-05T14:48:00Z;3773347457;12.2413729999999;46.6171495999999
DOBBIACO;BOLZANO;Trentino-Alto Adige;;2015;2015-10-05T14:48:00Z;3773347458;12.2413890999999;46.6171616999999
DOBBIACO;BOLZANO;Trentino-Alto Adige;;2015;2015-10-05T14:48:00Z;3773347459;12.2413635;46.6171627
DOBBIACO;BOLZANO;Trentino-Alto Adige;;2015;2015-10-05T14:48:00Z;3773347460;12.2413635;46.6171627
DOBBIACO;BOLZANO;Trentino-Alto Adige;;2015;2015-10-05T14:48:00Z;3773347461;12.2413901;46.6171792
DOBBIACO;BOLZANO;Trentino-Alto Adige;;2015;2015-10-05T14:48:00Z;3773347462;12.2413645;46.6171796
DOBBIACO;BOLZANO;Trentino-Alto Adige;;2015;2015-10-05T14:48:00Z;3773347463;12.2413645;46.6171798999999
DOBBIACO;BOLZANO;Trentino-Alto Adige;;2015;2015-10-05T14:48:00Z;3773347464;12.2410204;46.6174944999999
DOBBIACO;BOLZANO;Trentino-Alto Adige;;2015;2015-10-05T14:48:00Z;3773347465;12.2409874;46.6174964
DOBBIACO;BOLZANO;Trentino-Alto Adige;;2015;2015-10-05T14:48:01Z;3773347466;12.2410238;46.6175041999999
DOBBIACO;BOLZANO;Trentino-Alto Adige;;2015;2015-10-05T14:48:01Z;3773347467;12.2410238;46.6175041999999
DOBBIACO;BOLZANO;Trentino-Alto Adige;;2015;2015-10-05T14:48:01Z;3773347468;12.2410137999999;46.6175196
DOBBIACO;BOLZANO;Trentino-Alto Adige;;2015;2015-10-05T14:48:01Z;3773347469;12.2409922;46.6175201
DOBBIACO;BOLZANO;Trentino-Alto Adige;;2015;2015-10-05T14:48:01Z;3773347470;12.241671;46.6176277
DOBBIACO;BOLZANO;Trentino-Alto Adige;;2015;2015-10-05T14:48:01Z;3773347471;12.2417035999999;46.6176298999999
DOBBIACO;BOLZANO;Trentino-Alto Adige;;2015;2015-10-05T14:48:01Z;3773347472;12.2416634;46.6176547
DOBBIACO;BOLZANO;Trentino-Alto Adige;;2015;2015-10-05T14:48:01Z;3773347473;12.2416634;46.6176547
DOBBIACO;BOLZANO;Trentino-Alto Adige;;2015;2015-10-05T14:48:01Z;3773347474;12.2417005;46.6176555999999
DOBBIACO;BOLZANO;Trentino-Alto Adige;;2015;2015-10-05T14:48:09Z;3773347797;12.2441472;46.6233968
DOBBIACO;BOLZANO;Trentino-Alto Adige;;2015;2015-10-05T14:48:09Z;3773347798;12.2441228;46.6233975
DOBBIACO;BOLZANO;Trentino-Alto Adige;;2015;2015-10-05T14:48:09Z;3773347799;12.2441228;46.6233975
DOBBIACO;BOLZANO;Trentino-Alto Adige;;2015;2015-10-05T14:48:09Z;3773347800;12.2441479999999;46.6234109999999
DOBBIACO;BOLZANO;Trentino-Alto Adige;;2015;2015-10-05T14:48:09Z;3773347801;12.2441236;46.6234116999999
DOBBIACO;BOLZANO;Trentino-Alto Adige;;2015;2015-10-05T14:48:09Z;3773347802;12.2432333999999;46.6242778
DOBBIACO;BOLZANO;Trentino-Alto Adige;;2015;2015-10-05T14:48:09Z;3773347803;12.2432333999999;46.6242778
DOBBIACO;BOLZANO;Trentino-Alto Adige;;2015;2015-10-05T14:48:09Z;3773347804;12.243251;46.6242876999999
DOBBIACO;BOLZANO;Trentino-Alto Adige;;2015;2015-10-05T14:48:09Z;3773347805;12.2430603;46.6243437999999
DOBBIACO;BOLZANO;Trentino-Alto Adige;;2015;2015-10-05T14:48:09Z;3773347806;12.2430339;46.6243444999999
DOBBIACO;BOLZANO;Trentino-Alto Adige;;2015;2015-10-05T14:48:09Z;3773347807;12.2430339;46.6243444999999
DOBBIACO;BOLZANO;Trentino-Alto Adige;;2015;2015-10-05T14:48:09Z;3773347808;12.2431489;46.6243450999999
DOBBIACO;BOLZANO;Trentino-Alto Adige;;2015;2015-10-05T14:48:09Z;3773347809;12.2431666;46.6243576
DOBBIACO;BOLZANO;Trentino-Alto Adige;;2015;2015-10-05T14:48:09Z;3773347810;12.2430613;46.6243606
DOBBIACO;BOLZANO;Trentino-Alto Adige;;2015;2015-10-05T14:48:09Z;3773347811;12.2430349;46.6243613999999
STELVIO;BOLZANO;Trentino-Alto Adige;;2012;2012-05-28T11:08:06Z;1768518472;10.5117522;46.5687234
STELVIO;BOLZANO;Trentino-Alto Adige;;2015;2015-08-28T21:13:26Z;1445586646;10.4543377999999;46.5318147999999
STELVIO;BOLZANO;Trentino-Alto Adige;;2015;2015-08-28T21:13:26Z;1445586646;10.4543377999999;46.5318147999999
STELVIO;BOLZANO;Trentino-Alto Adige;Kleiner Boden;2011;2011-09-25T16:28:21Z;1444745428;10.5107371999999;46.5687981
VALDAORA;BOLZANO;Trentino-Alto Adige;Bunker;2013;2013-03-17T12:31:23Z;2206646004;12.0317114;46.7525462999999
ALA;TRENTO;Trentino-Alto Adige;Passo Buole;2012;2012-07-13T21:04:42Z;1824771780;11.0842828;45.7785835
BONDONE;TRENTO;Trentino-Alto Adige;;2010;2010-06-19T12:04:48Z;776120024;10.5455334999999;45.7847249
BONDONE;TRENTO;Trentino-Alto Adige;;2010;2010-06-19T12:04:48Z;776120024;10.5455334999999;45.7847249
MOENA;TRENTO;Trentino-Alto Adige;;2011;2011-08-01T09:21:52Z;1381595548;11.7357783999999;46.3744424
MORI;TRENTO;Trentino-Alto Adige;Monte Nagià Grom;2014;2014-05-19T06:53:54Z;2858197833;10.9490352;45.8625741
NAGO-TORBOLE;TRENTO;Trentino-Alto Adige;;2014;2014-05-16T11:47:19Z;2861917701;10.8987168;45.8581137999999
NAGO-TORBOLE;TRENTO;Trentino-Alto Adige;;2014;2014-05-16T11:49:51Z;2861924023;10.9099600999999;45.8577159
NAGO-TORBOLE;TRENTO;Trentino-Alto Adige;WW 1;2013;2013-12-29T09:00:31Z;2599312403;10.8967129;45.8509918
ROVERETO;TRENTO;Trentino-Alto Adige;15-18 Trincerone - Kopfstellung;2014;2014-05-21T12:01:27Z;2858135367;11.0511769999999;45.8267529
TRAMBILENO;TRENTO;Trentino-Alto Adige;Battaglia degli Altopiani;2015;2015-03-19T21:48:23Z;3407741620;11.1753712;45.7956134
VILLA LAGARINA;TRENTO;Trentino-Alto Adige;Trincee;2015;2015-03-09T19:54:38Z;3391357559;11.0256855;45.9431425
LEDRO;TRENTO;Trentino-Alto Adige;Trincea garibaldina del Colle di S.Stefano;2015;2015-11-02T14:19:14Z;830075464;10.7210483;45.8976784999999
CALTRANO;VICENZA;Veneto;Spiazzo del Generale;2010;2010-06-23T09:32:15Z;783882516;11.4572444;45.7978673
CHIUPPANO;VICENZA;Veneto;"Tomba Partigiano """"Lupo""""";2012;2012-05-13T11:52:02Z;1750944178;11.4932658;45.7590286
CHIUPPANO;VICENZA;Veneto;"Tomba Partigiano """"Pascià""""";2012;2012-05-13T11:50:59Z;1750943032;11.4932765;45.7582500999999
GALLIO;VICENZA;Veneto;Battaglia del Solstizio;2015;2015-03-20T18:49:50Z;3409314385;11.5802979;45.8690611
ROMANO D'EZZELINO;VICENZA;Veneto;;2012;2012-04-08T17:18:25Z;1707425055;11.7518938;45.8373013
SCHIO;VICENZA;Veneto;Postazioni del Rione;2014;2014-05-29T07:50:13Z;2886671386;11.2981228999999;45.7711867
TEZZE SUL BRENTA;VICENZA;Veneto;;2013;2013-04-11T19:28:15Z;2263175107;11.7723013;45.6865420999999
VALSTAGNA;VICENZA;Veneto;Galleria con Punto di vedetta;2012;2012-01-30T18:04:36Z;1612011120;11.6471345;45.8451323999999
VALSTAGNA;VICENZA;Veneto;Postazione Artiglieria;2012;2012-01-30T18:04:36Z;1612011292;11.6604234;45.8530222999999
VALSTAGNA;VICENZA;Veneto;Postazione Vedetta;2012;2012-01-30T18:04:36Z;1612011356;11.6569600999999;45.8545329
VALSTAGNA;VICENZA;Veneto;Punto di vedetta;2012;2012-01-30T18:04:15Z;1612040591;11.6466829999999;45.8476459
VALSTAGNA;VICENZA;Veneto;Punto di Vedetta;2012;2012-01-30T18:04:36Z;1612011157;11.6506947;45.8490101
VALSTAGNA;VICENZA;Veneto;Punto di Vedetta;2012;2012-01-30T18:04:37Z;1612011263;11.6537843999999;45.8529119
VALSTAGNA;VICENZA;Veneto;Sella Grottona - Caverne di Sella della Grottona;2012;2012-01-30T18:04:37Z;1612011186;11.6510247;45.8510423999999
VALSTAGNA;VICENZA;Veneto;Trincee;2012;2012-01-30T18:04:37Z;1612011163;11.6513817;45.849936
ARSIE';BELLUNO;Veneto;Trincee;2012;2012-03-07T11:41:20Z;1664166025;11.7367326;45.9521651
AURONZO DI CADORE;BELLUNO;Veneto;;2015;2015-10-05T14:29:03Z;3773316873;12.2492651;46.6207376999999
AURONZO DI CADORE;BELLUNO;Veneto;;2015;2015-10-05T14:29:03Z;3773316874;12.248817;46.621312
AURONZO DI CADORE;BELLUNO;Veneto;;2015;2015-10-05T14:29:03Z;3773316875;12.248694;46.621395
AURONZO DI CADORE;BELLUNO;Veneto;;2015;2015-10-05T14:29:03Z;3773316876;12.248538;46.6215339999999
AURONZO DI CADORE;BELLUNO;Veneto;;2015;2015-10-05T14:29:03Z;3773316877;12.248176;46.621892
AURONZO DI CADORE;BELLUNO;Veneto;;2015;2015-10-05T14:29:03Z;3773316878;12.248137;46.622045
AURONZO DI CADORE;BELLUNO;Veneto;;2015;2015-10-05T14:29:03Z;3773316879;12.247932;46.622101
AURONZO DI CADORE;BELLUNO;Veneto;;2015;2015-10-05T14:29:03Z;3773316880;12.247971;46.622176
AURONZO DI CADORE;BELLUNO;Veneto;;2015;2015-10-05T14:29:03Z;3773316881;12.247971;46.622176
AURONZO DI CADORE;BELLUNO;Veneto;;2015;2015-10-05T14:29:03Z;3773316882;12.2475919999999;46.622326
AURONZO DI CADORE;BELLUNO;Veneto;;2015;2015-10-05T14:29:03Z;3773316883;12.247858;46.622373
AURONZO DI CADORE;BELLUNO;Veneto;;2015;2015-10-05T14:29:03Z;3773316884;12.2477883999999;46.6224471
AURONZO DI CADORE;BELLUNO;Veneto;;2015;2015-10-05T14:29:03Z;3773316885;12.2477883999999;46.6224471
AURONZO DI CADORE;BELLUNO;Veneto;;2015;2015-10-05T14:29:03Z;3773316886;12.247844;46.622534
AURONZO DI CADORE;BELLUNO;Veneto;;2015;2015-10-05T14:29:03Z;3773316887;12.2476249999999;46.622621
AURONZO DI CADORE;BELLUNO;Veneto;;2015;2015-10-05T14:47:40Z;3773344816;12.251257;46.6137561999999
AURONZO DI CADORE;BELLUNO;Veneto;;2015;2015-10-05T14:47:40Z;3773344817;12.2512954;46.6137743999999
AURONZO DI CADORE;BELLUNO;Veneto;;2015;2015-10-05T14:47:40Z;3773344818;12.2511614;46.6138465
AURONZO DI CADORE;BELLUNO;Veneto;;2015;2015-10-05T14:47:40Z;3773344819;12.2511614;46.6138465
AURONZO DI CADORE;BELLUNO;Veneto;;2015;2015-10-05T14:47:40Z;3773344820;12.2512001;46.6138686999999
AURONZO DI CADORE;BELLUNO;Veneto;;2015;2015-10-05T14:47:40Z;3773344821;12.2510806999999;46.6139352
AURONZO DI CADORE;BELLUNO;Veneto;;2015;2015-10-05T14:47:40Z;3773344822;12.2511133;46.6139496999999
AURONZO DI CADORE;BELLUNO;Veneto;;2015;2015-10-05T14:47:41Z;3773344823;12.2509768;46.6140115999999
AURONZO DI CADORE;BELLUNO;Veneto;;2015;2015-10-05T14:47:41Z;3773344824;12.2509768;46.6140115999999
AURONZO DI CADORE;BELLUNO;Veneto;;2015;2015-10-05T14:47:41Z;3773344825;12.2510153;46.6140311999999
AURONZO DI CADORE;BELLUNO;Veneto;;2015;2015-10-05T14:47:41Z;3773344826;12.24372;46.6144468
AURONZO DI CADORE;BELLUNO;Veneto;;2015;2015-10-05T14:47:41Z;3773344827;12.2437609999999;46.6144523999999
AURONZO DI CADORE;BELLUNO;Veneto;;2015;2015-10-05T14:47:41Z;3773344828;12.2437048;46.614454
AURONZO DI CADORE;BELLUNO;Veneto;;2015;2015-10-05T14:47:41Z;3773344829;12.2437361;46.6144583999999
AURONZO DI CADORE;BELLUNO;Veneto;;2015;2015-10-05T14:47:41Z;3773344830;12.2437403;46.6144623
AURONZO DI CADORE;BELLUNO;Veneto;;2015;2015-10-05T14:47:41Z;3773344831;12.2437403;46.6144623
AURONZO DI CADORE;BELLUNO;Veneto;;2015;2015-10-05T14:47:41Z;3773344832;12.2437754;46.6144638999999
AURONZO DI CADORE;BELLUNO;Veneto;;2015;2015-10-05T14:47:41Z;3773344833;12.2437171;46.6144643
AURONZO DI CADORE;BELLUNO;Veneto;;2015;2015-10-05T14:47:41Z;3773344834;12.2437171;46.6144643
AURONZO DI CADORE;BELLUNO;Veneto;;2015;2015-10-05T14:47:41Z;3773344835;12.2437565;46.6144739
AURONZO DI CADORE;BELLUNO;Veneto;;2015;2015-10-05T14:47:41Z;3773344836;12.2435408;46.6146018
AURONZO DI CADORE;BELLUNO;Veneto;;2015;2015-10-05T14:47:41Z;3773344837;12.2435272;46.6146022
AURONZO DI CADORE;BELLUNO;Veneto;;2015;2015-10-05T14:47:41Z;3773344838;12.2435446;46.6146338
AURONZO DI CADORE;BELLUNO;Veneto;;2015;2015-10-05T14:47:41Z;3773344839;12.2435272;46.6146342999999
AURONZO DI CADORE;BELLUNO;Veneto;;2015;2015-10-05T14:47:41Z;3773344840;12.2435272;46.6146342999999
AURONZO DI CADORE;BELLUNO;Veneto;;2015;2015-10-05T14:47:41Z;3773344841;12.2433526;46.6146378999999
AURONZO DI CADORE;BELLUNO;Veneto;;2015;2015-10-05T14:47:42Z;3773344842;12.2433526;46.6146378999999
AURONZO DI CADORE;BELLUNO;Veneto;;2015;2015-10-05T14:47:42Z;3773344843;12.2433352;46.6146397999999
AURONZO DI CADORE;BELLUNO;Veneto;;2015;2015-10-05T14:47:42Z;3773344844;12.2433575;46.6146552
AURONZO DI CADORE;BELLUNO;Veneto;;2015;2015-10-05T14:47:42Z;3773344845;12.2433402;46.6146571
AURONZO DI CADORE;BELLUNO;Veneto;;2015;2015-10-05T14:47:42Z;3773344846;12.2434118;46.6146870999999
AURONZO DI CADORE;BELLUNO;Veneto;;2015;2015-10-05T14:47:42Z;3773344847;12.2434118;46.6146870999999
AURONZO DI CADORE;BELLUNO;Veneto;;2015;2015-10-05T14:47:42Z;3773344848;12.2434046;46.6146967
AURONZO DI CADORE;BELLUNO;Veneto;;2015;2015-10-05T14:47:42Z;3773344849;12.2434498;46.6147046999999
AURONZO DI CADORE;BELLUNO;Veneto;;2015;2015-10-05T14:47:42Z;3773344850;12.2434448;46.6147183
AURONZO DI CADORE;BELLUNO;Veneto;;2015;2015-10-05T14:47:42Z;3773344851;12.2446021999999;46.6147683
AURONZO DI CADORE;BELLUNO;Veneto;;2015;2015-10-05T14:47:42Z;3773344852;12.2445676;46.6147692999999
AURONZO DI CADORE;BELLUNO;Veneto;;2015;2015-10-05T14:47:42Z;3773344853;12.2444583;46.61478
AURONZO DI CADORE;BELLUNO;Veneto;;2015;2015-10-05T14:47:42Z;3773344854;12.2444103;46.6147823
AURONZO DI CADORE;BELLUNO;Veneto;;2015;2015-10-05T14:47:42Z;3773344855;12.2446018;46.6148049
AURONZO DI CADORE;BELLUNO;Veneto;;2015;2015-10-05T14:47:42Z;3773344856;12.2445649;46.614806
AURONZO DI CADORE;BELLUNO;Veneto;;2015;2015-10-05T14:47:42Z;3773346257;12.2445649;46.614806
AURONZO DI CADORE;BELLUNO;Veneto;;2015;2015-10-05T14:47:42Z;3773346258;12.2444579;46.614815
AURONZO DI CADORE;BELLUNO;Veneto;;2015;2015-10-05T14:47:42Z;3773346259;12.2444099;46.6148171
AURONZO DI CADORE;BELLUNO;Veneto;;2015;2015-10-05T14:47:43Z;3773346260;12.2444099;46.6148171
AURONZO DI CADORE;BELLUNO;Veneto;;2015;2015-10-05T14:47:43Z;3773346266;12.2437816;46.6149652
AURONZO DI CADORE;BELLUNO;Veneto;;2015;2015-10-05T14:47:43Z;3773346267;12.2438126999999;46.6149897999999
AURONZO DI CADORE;BELLUNO;Veneto;;2015;2015-10-05T14:47:43Z;3773346268;12.2437472;46.6149899999999
AURONZO DI CADORE;BELLUNO;Veneto;;2015;2015-10-05T14:47:43Z;3773346269;12.2437472;46.6149899999999
AURONZO DI CADORE;BELLUNO;Veneto;;2015;2015-10-05T14:47:43Z;3773346270;12.2437856;46.6150118999999
AURONZO DI CADORE;BELLUNO;Veneto;;2015;2015-10-05T14:47:43Z;3773346271;12.2436653999999;46.6150263999999
AURONZO DI CADORE;BELLUNO;Veneto;;2015;2015-10-05T14:47:43Z;3773346272;12.2436988;46.615028
AURONZO DI CADORE;BELLUNO;Veneto;;2015;2015-10-05T14:47:43Z;3773346273;12.2436629;46.6150451
AURONZO DI CADORE;BELLUNO;Veneto;;2015;2015-10-05T14:47:43Z;3773346274;12.2436629;46.6150451
AURONZO DI CADORE;BELLUNO;Veneto;;2015;2015-10-05T14:47:43Z;3773346275;12.2436988;46.6150475999999
AURONZO DI CADORE;BELLUNO;Veneto;;2015;2015-10-05T14:47:43Z;3773346276;12.245186;46.6151258
AURONZO DI CADORE;BELLUNO;Veneto;;2015;2015-10-05T14:47:43Z;3773346277;12.245186;46.6151258
AURONZO DI CADORE;BELLUNO;Veneto;;2015;2015-10-05T14:47:43Z;3773346278;12.2452188;46.6151497999999
AURONZO DI CADORE;BELLUNO;Veneto;;2015;2015-10-05T14:47:44Z;3773346279;12.2451355999999;46.6151624
AURONZO DI CADORE;BELLUNO;Veneto;;2015;2015-10-05T14:47:44Z;3773346280;12.2451647;46.6151807999999
AURONZO DI CADORE;BELLUNO;Veneto;;2015;2015-10-05T14:47:44Z;3773346281;12.2427326999999;46.6153149
AURONZO DI CADORE;BELLUNO;Veneto;;2015;2015-10-05T14:47:44Z;3773346282;12.2426666999999;46.6153168
AURONZO DI CADORE;BELLUNO;Veneto;;2015;2015-10-05T14:47:44Z;3773346283;12.2427085;46.6153344
AURONZO DI CADORE;BELLUNO;Veneto;;2015;2015-10-05T14:47:44Z;3773346284;12.2426678;46.6153355
AURONZO DI CADORE;BELLUNO;Veneto;;2015;2015-10-05T14:47:44Z;3773346285;12.2427319;46.6153672
AURONZO DI CADORE;BELLUNO;Veneto;;2015;2015-10-05T14:47:44Z;3773346286;12.2427066999999;46.6153678
AURONZO DI CADORE;BELLUNO;Veneto;;2015;2015-10-05T14:47:44Z;3773346287;12.2427066999999;46.6153678
AURONZO DI CADORE;BELLUNO;Veneto;;2015;2015-10-05T14:47:44Z;3773346288;12.2452736;46.6154342
AURONZO DI CADORE;BELLUNO;Veneto;;2015;2015-10-05T14:47:44Z;3773346289;12.2453079;46.6154559
AURONZO DI CADORE;BELLUNO;Veneto;;2015;2015-10-05T14:47:44Z;3773346290;12.2452296;46.6154683
AURONZO DI CADORE;BELLUNO;Veneto;;2015;2015-10-05T14:47:44Z;3773346291;12.2452296;46.6154683
AURONZO DI CADORE;BELLUNO;Veneto;;2015;2015-10-05T14:47:44Z;3773346292;12.245259;46.6154913
AURONZO DI CADORE;BELLUNO;Veneto;;2015;2015-10-05T14:47:44Z;3773346293;12.2439202999999;46.6155175999999
AURONZO DI CADORE;BELLUNO;Veneto;;2015;2015-10-05T14:47:44Z;3773346294;12.2428484999999;46.615518
AURONZO DI CADORE;BELLUNO;Veneto;;2015;2015-10-05T14:47:44Z;3773346295;12.2428126;46.6155192
AURONZO DI CADORE;BELLUNO;Veneto;;2015;2015-10-05T14:47:44Z;3773346296;12.243898;46.6155367
AURONZO DI CADORE;BELLUNO;Veneto;;2015;2015-10-05T14:47:45Z;3773346297;12.243898;46.6155367
AURONZO DI CADORE;BELLUNO;Veneto;;2015;2015-10-05T14:47:45Z;3773346298;12.2439584;46.6155407999999
AURONZO DI CADORE;BELLUNO;Veneto;;2015;2015-10-05T14:47:45Z;3773346299;12.2428504;46.6155424
AURONZO DI CADORE;BELLUNO;Veneto;;2015;2015-10-05T14:47:45Z;3773346300;12.2428142;46.6155443999999
AURONZO DI CADORE;BELLUNO;Veneto;;2015;2015-10-05T14:47:45Z;3773346301;12.2428142;46.6155443999999
AURONZO DI CADORE;BELLUNO;Veneto;;2015;2015-10-05T14:47:45Z;3773346302;12.2439344;46.6155576
AURONZO DI CADORE;BELLUNO;Veneto;;2015;2015-10-05T14:47:45Z;3773346303;12.2454807999999;46.6156335
AURONZO DI CADORE;BELLUNO;Veneto;;2015;2015-10-05T14:47:45Z;3773346304;12.2455123;46.6156464999999
AURONZO DI CADORE;BELLUNO;Veneto;;2015;2015-10-05T14:47:45Z;3773346305;12.2454447;46.6156842999999
AURONZO DI CADORE;BELLUNO;Veneto;;2015;2015-10-05T14:47:45Z;3773346306;12.2454447;46.6156842999999
AURONZO DI CADORE;BELLUNO;Veneto;;2015;2015-10-05T14:47:45Z;3773346307;12.2454775;46.6156972
AURONZO DI CADORE;BELLUNO;Veneto;;2015;2015-10-05T14:47:45Z;3773346308;12.2456375;46.6157016
AURONZO DI CADORE;BELLUNO;Veneto;;2015;2015-10-05T14:47:46Z;3773346309;12.2456663999999;46.6157096999999
AURONZO DI CADORE;BELLUNO;Veneto;;2015;2015-10-05T14:47:46Z;3773346310;12.2437437;46.615713
AURONZO DI CADORE;BELLUNO;Veneto;;2015;2015-10-05T14:47:46Z;3773346311;12.2436373;46.6157187
AURONZO DI CADORE;BELLUNO;Veneto;;2015;2015-10-05T14:47:46Z;3773346312;12.2436373;46.6157187
AURONZO DI CADORE;BELLUNO;Veneto;;2015;2015-10-05T14:47:46Z;3773346313;12.2437448999999;46.6157349
AURONZO DI CADORE;BELLUNO;Veneto;;2015;2015-10-05T14:47:46Z;3773346314;12.2436463;46.6157402999999
AURONZO DI CADORE;BELLUNO;Veneto;;2015;2015-10-05T14:47:46Z;3773346315;12.242565;46.6157417
AURONZO DI CADORE;BELLUNO;Veneto;;2015;2015-10-05T14:47:46Z;3773346316;12.2425099;46.6157432999999
AURONZO DI CADORE;BELLUNO;Veneto;;2015;2015-10-05T14:47:46Z;3773346317;12.245614;46.6157447
AURONZO DI CADORE;BELLUNO;Veneto;;2015;2015-10-05T14:47:46Z;3773346318;12.245614;46.6157447
AURONZO DI CADORE;BELLUNO;Veneto;;2015;2015-10-05T14:47:46Z;3773346319;12.2438832;46.6157508
AURONZO DI CADORE;BELLUNO;Veneto;;2015;2015-10-05T14:47:46Z;3773346320;12.2456453;46.6157528
AURONZO DI CADORE;BELLUNO;Veneto;;2015;2015-10-05T14:47:46Z;3773346321;12.2425706;46.6157585999999
AURONZO DI CADORE;BELLUNO;Veneto;;2015;2015-10-05T14:47:46Z;3773346322;12.2439336999999;46.6157589
AURONZO DI CADORE;BELLUNO;Veneto;;2015;2015-10-05T14:47:46Z;3773346323;12.2439336999999;46.6157589
AURONZO DI CADORE;BELLUNO;Veneto;;2015;2015-10-05T14:47:46Z;3773346324;12.2425166999999;46.6157642
AURONZO DI CADORE;BELLUNO;Veneto;;2015;2015-10-05T14:47:46Z;3773346325;12.2425166999999;46.6157642
AURONZO DI CADORE;BELLUNO;Veneto;;2015;2015-10-05T14:47:46Z;3773346326;12.243883;46.615777
AURONZO DI CADORE;BELLUNO;Veneto;;2015;2015-10-05T14:47:46Z;3773346327;12.243937;46.6157838
AURONZO DI CADORE;BELLUNO;Veneto;;2015;2015-10-05T14:47:47Z;3773346328;12.2439064;46.615786
AURONZO DI CADORE;BELLUNO;Veneto;;2015;2015-10-05T14:47:47Z;3773346329;12.2439239;46.6157869999999
AURONZO DI CADORE;BELLUNO;Veneto;;2015;2015-10-05T14:47:47Z;3773346330;12.2427746;46.6157887999999
AURONZO DI CADORE;BELLUNO;Veneto;;2015;2015-10-05T14:47:47Z;3773346331;12.2427436;46.615791
AURONZO DI CADORE;BELLUNO;Veneto;;2015;2015-10-05T14:47:47Z;3773346332;12.24264;46.6157935
AURONZO DI CADORE;BELLUNO;Veneto;;2015;2015-10-05T14:47:47Z;3773346333;12.2426876;46.6157964
AURONZO DI CADORE;BELLUNO;Veneto;;2015;2015-10-05T14:47:47Z;3773346334;12.2427195;46.6157965
AURONZO DI CADORE;BELLUNO;Veneto;;2015;2015-10-05T14:47:47Z;3773346335;12.2426508;46.6157973999999
AURONZO DI CADORE;BELLUNO;Veneto;;2015;2015-10-05T14:47:47Z;3773346336;12.2426983;46.6157984
AURONZO DI CADORE;BELLUNO;Veneto;;2015;2015-10-05T14:47:47Z;3773346337;12.2425766;46.6158046999999
AURONZO DI CADORE;BELLUNO;Veneto;;2015;2015-10-05T14:47:47Z;3773346338;12.2427756999999;46.6158091
AURONZO DI CADORE;BELLUNO;Veneto;;2015;2015-10-05T14:47:47Z;3773346339;12.2427756999999;46.6158091
AURONZO DI CADORE;BELLUNO;Veneto;;2015;2015-10-05T14:47:47Z;3773346340;12.2425362;46.6158112
AURONZO DI CADORE;BELLUNO;Veneto;;2015;2015-10-05T14:47:47Z;3773346341;12.2425596999999;46.6158131999999
AURONZO DI CADORE;BELLUNO;Veneto;;2015;2015-10-05T14:47:47Z;3773346342;12.2427638;46.6158131999999
AURONZO DI CADORE;BELLUNO;Veneto;;2015;2015-10-05T14:47:47Z;3773346343;12.2427431;46.6158137999999
AURONZO DI CADORE;BELLUNO;Veneto;;2015;2015-10-05T14:47:47Z;3773346344;12.2426888;46.6158164
AURONZO DI CADORE;BELLUNO;Veneto;;2015;2015-10-05T14:47:47Z;3773346345;12.2426415;46.6158174999999
AURONZO DI CADORE;BELLUNO;Veneto;;2015;2015-10-05T14:47:47Z;3773346346;12.2427247;46.6158177
AURONZO DI CADORE;BELLUNO;Veneto;;2015;2015-10-05T14:47:48Z;3773346347;12.2427247;46.6158177
AURONZO DI CADORE;BELLUNO;Veneto;;2015;2015-10-05T14:47:48Z;3773346348;12.2426955999999;46.6158185
AURONZO DI CADORE;BELLUNO;Veneto;;2015;2015-10-05T14:47:48Z;3773346349;12.242652;46.6158189
AURONZO DI CADORE;BELLUNO;Veneto;;2015;2015-10-05T14:47:48Z;3773346350;12.242652;46.6158189
AURONZO DI CADORE;BELLUNO;Veneto;;2015;2015-10-05T14:47:48Z;3773346351;12.242513;46.6158452999999
AURONZO DI CADORE;BELLUNO;Veneto;;2015;2015-10-05T14:47:48Z;3773346352;12.242513;46.6158452999999
AURONZO DI CADORE;BELLUNO;Veneto;;2015;2015-10-05T14:47:48Z;3773346353;12.2425429;46.6158578
AURONZO DI CADORE;BELLUNO;Veneto;;2015;2015-10-05T14:47:48Z;3773346354;12.2449084999999;46.6161505
AURONZO DI CADORE;BELLUNO;Veneto;;2015;2015-10-05T14:47:48Z;3773346355;12.2438062999999;46.6161566999999
AURONZO DI CADORE;BELLUNO;Veneto;;2015;2015-10-05T14:47:48Z;3773346356;12.2438372999999;46.6161607
AURONZO DI CADORE;BELLUNO;Veneto;;2015;2015-10-05T14:47:48Z;3773346857;12.2449961;46.6161706999999
AURONZO DI CADORE;BELLUNO;Veneto;;2015;2015-10-05T14:47:48Z;3773346858;12.2448932;46.6161831
AURONZO DI CADORE;BELLUNO;Veneto;;2015;2015-10-05T14:47:48Z;3773346859;12.2448932;46.6161831
AURONZO DI CADORE;BELLUNO;Veneto;;2015;2015-10-05T14:47:48Z;3773346860;12.2449736;46.6161997999999
AURONZO DI CADORE;BELLUNO;Veneto;;2015;2015-10-05T14:47:48Z;3773346861;12.24379;46.6162011999999
AURONZO DI CADORE;BELLUNO;Veneto;;2015;2015-10-05T14:47:48Z;3773346862;12.24379;46.6162011999999
AURONZO DI CADORE;BELLUNO;Veneto;;2015;2015-10-05T14:47:48Z;3773346863;12.2438188;46.6162076
AURONZO DI CADORE;BELLUNO;Veneto;;2015;2015-10-05T14:47:48Z;3773346864;12.2470966;46.6162725
AURONZO DI CADORE;BELLUNO;Veneto;;2015;2015-10-05T14:47:48Z;3773346865;12.2475404;46.6162811
AURONZO DI CADORE;BELLUNO;Veneto;;2015;2015-10-05T14:47:49Z;3773346866;12.2471373;46.6162964999999
AURONZO DI CADORE;BELLUNO;Veneto;;2015;2015-10-05T14:47:49Z;3773346867;12.2475676;46.6163141999999
AURONZO DI CADORE;BELLUNO;Veneto;;2015;2015-10-05T14:47:49Z;3773346868;12.247455;46.6163309
AURONZO DI CADORE;BELLUNO;Veneto;;2015;2015-10-05T14:47:49Z;3773346869;12.2470047;46.6163311999999
AURONZO DI CADORE;BELLUNO;Veneto;;2015;2015-10-05T14:47:49Z;3773346870;12.2470047;46.6163311999999
AURONZO DI CADORE;BELLUNO;Veneto;;2015;2015-10-05T14:47:49Z;3773346871;12.2470371;46.6163563
AURONZO DI CADORE;BELLUNO;Veneto;;2015;2015-10-05T14:47:49Z;3773346872;12.247482;46.6163601
AURONZO DI CADORE;BELLUNO;Veneto;;2015;2015-10-05T14:47:49Z;3773346873;12.247482;46.6163601
AURONZO DI CADORE;BELLUNO;Veneto;;2015;2015-10-05T14:47:49Z;3773346874;12.2469937;46.6163695999999
AURONZO DI CADORE;BELLUNO;Veneto;;2015;2015-10-05T14:47:49Z;3773346875;12.2470105;46.6163883999999
AURONZO DI CADORE;BELLUNO;Veneto;;2015;2015-10-05T14:47:49Z;3773346876;12.2468803;46.6164223999999
AURONZO DI CADORE;BELLUNO;Veneto;;2015;2015-10-05T14:47:50Z;3773346877;12.2468803;46.6164223999999
AURONZO DI CADORE;BELLUNO;Veneto;;2015;2015-10-05T14:47:50Z;3773346878;12.2469018;46.6164413999999
AURONZO DI CADORE;BELLUNO;Veneto;;2015;2015-10-05T14:47:50Z;3773346879;12.2466823999999;46.616469
AURONZO DI CADORE;BELLUNO;Veneto;;2015;2015-10-05T14:47:50Z;3773346880;12.2467146;46.6164902
AURONZO DI CADORE;BELLUNO;Veneto;;2015;2015-10-05T14:47:50Z;3773346881;12.2466338;46.6165026999999
AURONZO DI CADORE;BELLUNO;Veneto;;2015;2015-10-05T14:47:50Z;3773346882;12.2466338;46.6165026999999
AURONZO DI CADORE;BELLUNO;Veneto;;2015;2015-10-05T14:47:50Z;3773346883;12.2477145;46.616509
AURONZO DI CADORE;BELLUNO;Veneto;;2015;2015-10-05T14:47:50Z;3773346884;12.2466586;46.6165240999999
AURONZO DI CADORE;BELLUNO;Veneto;;2015;2015-10-05T14:47:50Z;3773346885;12.2469717;46.616525
AURONZO DI CADORE;BELLUNO;Veneto;;2015;2015-10-05T14:47:50Z;3773346886;12.2477429;46.6165300999999
AURONZO DI CADORE;BELLUNO;Veneto;;2015;2015-10-05T14:47:50Z;3773346887;12.2476806;46.6165343999999
AURONZO DI CADORE;BELLUNO;Veneto;;2015;2015-10-05T14:47:50Z;3773346888;12.2469473;46.6165395
AURONZO DI CADORE;BELLUNO;Veneto;;2015;2015-10-05T14:47:50Z;3773346889;12.2469912999999;46.6165433999999
AURONZO DI CADORE;BELLUNO;Veneto;;2015;2015-10-05T14:47:50Z;3773346890;12.2469912999999;46.6165433999999
AURONZO DI CADORE;BELLUNO;Veneto;;2015;2015-10-05T14:47:50Z;3773346893;12.2477087;46.616553
AURONZO DI CADORE;BELLUNO;Veneto;;2015;2015-10-05T14:47:50Z;3773346894;12.2477087;46.616553
AURONZO DI CADORE;BELLUNO;Veneto;;2015;2015-10-05T14:47:51Z;3773346895;12.2481445;46.6165550999999
AURONZO DI CADORE;BELLUNO;Veneto;;2015;2015-10-05T14:47:51Z;3773346896;12.246968;46.6165560999999
AURONZO DI CADORE;BELLUNO;Veneto;;2015;2015-10-05T14:47:51Z;3773346897;12.2469115;46.6165607
AURONZO DI CADORE;BELLUNO;Veneto;;2015;2015-10-05T14:47:51Z;3773346898;12.2469115;46.6165607
AURONZO DI CADORE;BELLUNO;Veneto;;2015;2015-10-05T14:47:51Z;3773346899;12.2482023;46.6165639
AURONZO DI CADORE;BELLUNO;Veneto;;2015;2015-10-05T14:47:51Z;3773346900;12.2482023;46.6165639
AURONZO DI CADORE;BELLUNO;Veneto;;2015;2015-10-05T14:47:51Z;3773346901;12.2481443999999;46.6165706
AURONZO DI CADORE;BELLUNO;Veneto;;2015;2015-10-05T14:47:51Z;3773346902;12.2435294;46.6165728
AURONZO DI CADORE;BELLUNO;Veneto;;2015;2015-10-05T14:47:51Z;3773346903;12.2435294;46.6165728
AURONZO DI CADORE;BELLUNO;Veneto;;2015;2015-10-05T14:47:51Z;3773346904;12.2435062;46.6165735
AURONZO DI CADORE;BELLUNO;Veneto;;2015;2015-10-05T14:47:51Z;3773346905;12.2482015;46.6165736999999
AURONZO DI CADORE;BELLUNO;Veneto;;2015;2015-10-05T14:47:51Z;3773346906;12.2435037;46.6165749
AURONZO DI CADORE;BELLUNO;Veneto;;2015;2015-10-05T14:47:51Z;3773346907;12.2469290999999;46.6165752
AURONZO DI CADORE;BELLUNO;Veneto;;2015;2015-10-05T14:47:51Z;3773346908;12.2435297999999;46.6165772
AURONZO DI CADORE;BELLUNO;Veneto;;2015;2015-10-05T14:47:51Z;3773346909;12.2468769;46.6165784
AURONZO DI CADORE;BELLUNO;Veneto;;2015;2015-10-05T14:47:51Z;3773346910;12.243504;46.6165791
AURONZO DI CADORE;BELLUNO;Veneto;;2015;2015-10-05T14:47:51Z;3773346911;12.2435604;46.6165815
AURONZO DI CADORE;BELLUNO;Veneto;;2015;2015-10-05T14:47:51Z;3773346912;12.2435385;46.6165826
AURONZO DI CADORE;BELLUNO;Veneto;;2015;2015-10-05T14:47:51Z;3773346913;12.2479568;46.6165829999999
AURONZO DI CADORE;BELLUNO;Veneto;;2015;2015-10-05T14:47:52Z;3773346916;12.2479257;46.6165839
AURONZO DI CADORE;BELLUNO;Veneto;;2015;2015-10-05T14:47:52Z;3773346918;12.2469097;46.6165863
AURONZO DI CADORE;BELLUNO;Veneto;;2015;2015-10-05T14:47:52Z;3773346919;12.2497095999999;46.6165875
AURONZO DI CADORE;BELLUNO;Veneto;;2015;2015-10-05T14:47:52Z;3773346920;12.2496445;46.6165894
AURONZO DI CADORE;BELLUNO;Veneto;;2015;2015-10-05T14:47:52Z;3773346921;12.2435615;46.6165926999999
AURONZO DI CADORE;BELLUNO;Veneto;;2015;2015-10-05T14:47:52Z;3773346922;12.2435398;46.6165941
AURONZO DI CADORE;BELLUNO;Veneto;;2015;2015-10-05T14:47:52Z;3773346923;12.2435398;46.6165941
AURONZO DI CADORE;BELLUNO;Veneto;;2015;2015-10-05T14:47:52Z;3773346924;12.2468942;46.6165943
AURONZO DI CADORE;BELLUNO;Veneto;;2015;2015-10-05T14:47:52Z;3773346925;12.247115;46.6165965
AURONZO DI CADORE;BELLUNO;Veneto;;2015;2015-10-05T14:47:52Z;3773346926;12.2479578;46.6166008
AURONZO DI CADORE;BELLUNO;Veneto;;2015;2015-10-05T14:47:53Z;3773346927;12.248827;46.6166012999999
AURONZO DI CADORE;BELLUNO;Veneto;;2015;2015-10-05T14:47:53Z;3773346928;12.2479268;46.6166016999999
AURONZO DI CADORE;BELLUNO;Veneto;;2015;2015-10-05T14:47:53Z;3773346929;12.2479268;46.6166016999999
AURONZO DI CADORE;BELLUNO;Veneto;;2015;2015-10-05T14:47:53Z;3773346930;12.2471285;46.6166054999999
AURONZO DI CADORE;BELLUNO;Veneto;;2015;2015-10-05T14:47:53Z;3773346931;12.2435490999999;46.6166124
AURONZO DI CADORE;BELLUNO;Veneto;;2015;2015-10-05T14:47:53Z;3773346932;12.2470867;46.6166147
AURONZO DI CADORE;BELLUNO;Veneto;;2015;2015-10-05T14:47:53Z;3773346933;12.2470867;46.6166147
AURONZO DI CADORE;BELLUNO;Veneto;;2015;2015-10-05T14:47:53Z;3773346934;12.2488822;46.6166184
AURONZO DI CADORE;BELLUNO;Veneto;;2015;2015-10-05T14:47:53Z;3773346935;12.2491173999999;46.6166185
AURONZO DI CADORE;BELLUNO;Veneto;;2015;2015-10-05T14:47:53Z;3773346936;12.2469372;46.6166202
AURONZO DI CADORE;BELLUNO;Veneto;;2015;2015-10-05T14:47:53Z;3773346937;12.2497105;46.6166214
AURONZO DI CADORE;BELLUNO;Veneto;;2015;2015-10-05T14:47:53Z;3773346938;12.2470996;46.6166235999999
AURONZO DI CADORE;BELLUNO;Veneto;;2015;2015-10-05T14:47:53Z;3773346939;12.2435619;46.616624
AURONZO DI CADORE;BELLUNO;Veneto;;2015;2015-10-05T14:47:53Z;3773346940;12.2496475;46.616624
AURONZO DI CADORE;BELLUNO;Veneto;;2015;2015-10-05T14:47:53Z;3773346941;12.2496475;46.616624
AURONZO DI CADORE;BELLUNO;Veneto;;2015;2015-10-05T14:47:53Z;3773346942;12.2435101999999;46.6166253999999
AURONZO DI CADORE;BELLUNO;Veneto;;2015;2015-10-05T14:47:54Z;3773346943;12.2435101999999;46.6166253999999
AURONZO DI CADORE;BELLUNO;Veneto;;2015;2015-10-05T14:47:54Z;3773346944;12.2470523;46.6166257
AURONZO DI CADORE;BELLUNO;Veneto;;2015;2015-10-05T14:47:54Z;3773346945;12.2469141;46.6166265999999
AURONZO DI CADORE;BELLUNO;Veneto;;2015;2015-10-05T14:47:54Z;3773346946;12.2469141;46.6166265999999
AURONZO DI CADORE;BELLUNO;Veneto;;2015;2015-10-05T14:47:54Z;3773346947;12.2483464;46.6166276
AURONZO DI CADORE;BELLUNO;Veneto;;2015;2015-10-05T14:47:54Z;3773346948;12.2483030999999;46.6166307
AURONZO DI CADORE;BELLUNO;Veneto;;2015;2015-10-05T14:47:54Z;3773346949;12.2488829999999;46.6166310999999
AURONZO DI CADORE;BELLUNO;Veneto;;2015;2015-10-05T14:47:54Z;3773346950;12.2483733;46.6166316999999
AURONZO DI CADORE;BELLUNO;Veneto;;2015;2015-10-05T14:47:54Z;3773346951;12.2491667999999;46.6166327999999
AURONZO DI CADORE;BELLUNO;Veneto;;2015;2015-10-05T14:47:54Z;3773346952;12.2470658;46.6166346999999
AURONZO DI CADORE;BELLUNO;Veneto;;2015;2015-10-05T14:47:54Z;3773346953;12.2488008;46.6166369
AURONZO DI CADORE;BELLUNO;Veneto;;2015;2015-10-05T14:47:54Z;3773346954;12.2488008;46.6166369
AURONZO DI CADORE;BELLUNO;Veneto;;2015;2015-10-05T14:47:54Z;3773346955;12.2469480999999;46.6166375
AURONZO DI CADORE;BELLUNO;Veneto;;2015;2015-10-05T14:47:54Z;3773346956;12.2435214;46.6166405
AURONZO DI CADORE;BELLUNO;Veneto;;2015;2015-10-05T14:47:54Z;3773347158;12.2469225;46.6166434
AURONZO DI CADORE;BELLUNO;Veneto;;2015;2015-10-05T14:47:54Z;3773347159;12.247024;46.6166439
AURONZO DI CADORE;BELLUNO;Veneto;;2015;2015-10-05T14:47:54Z;3773347160;12.247024;46.6166439
AURONZO DI CADORE;BELLUNO;Veneto;;2015;2015-10-05T14:47:55Z;3773347161;12.2483463;46.6166488
AURONZO DI CADORE;BELLUNO;Veneto;;2015;2015-10-05T14:47:55Z;3773347162;12.249097;46.6166488
AURONZO DI CADORE;BELLUNO;Veneto;;2015;2015-10-05T14:47:55Z;3773347163;12.249097;46.6166488
AURONZO DI CADORE;BELLUNO;Veneto;;2015;2015-10-05T14:47:55Z;3773347164;12.248307;46.616649
AURONZO DI CADORE;BELLUNO;Veneto;;2015;2015-10-05T14:47:55Z;3773347165;12.248307;46.616649
AURONZO DI CADORE;BELLUNO;Veneto;;2015;2015-10-05T14:47:55Z;3773347166;12.2484641;46.6166492999999
AURONZO DI CADORE;BELLUNO;Veneto;;2015;2015-10-05T14:47:55Z;3773347167;12.2474197;46.6166495
AURONZO DI CADORE;BELLUNO;Veneto;;2015;2015-10-05T14:47:55Z;3773347168;12.2473788;46.6166512
AURONZO DI CADORE;BELLUNO;Veneto;;2015;2015-10-05T14:47:55Z;3773347169;12.2473788;46.6166512
AURONZO DI CADORE;BELLUNO;Veneto;;2015;2015-10-05T14:47:55Z;3773347170;12.2470155999999;46.6166514
AURONZO DI CADORE;BELLUNO;Veneto;;2015;2015-10-05T14:47:55Z;3773347171;12.2488559;46.6166521999999
AURONZO DI CADORE;BELLUNO;Veneto;;2015;2015-10-05T14:47:55Z;3773347172;12.2470368999999;46.6166527999999
AURONZO DI CADORE;BELLUNO;Veneto;;2015;2015-10-05T14:47:55Z;3773347173;12.2483635999999;46.6166570999999
AURONZO DI CADORE;BELLUNO;Veneto;;2015;2015-10-05T14:47:55Z;3773347174;12.2483635999999;46.6166570999999
AURONZO DI CADORE;BELLUNO;Veneto;;2015;2015-10-05T14:47:55Z;3773347175;12.2491471;46.6166618
AURONZO DI CADORE;BELLUNO;Veneto;;2015;2015-10-05T14:47:55Z;3773347176;12.2478203;46.6166622
AURONZO DI CADORE;BELLUNO;Veneto;;2015;2015-10-05T14:47:55Z;3773347177;12.247025;46.6166625999999
AURONZO DI CADORE;BELLUNO;Veneto;;2015;2015-10-05T14:47:55Z;3773347180;12.2469714;46.6166695
AURONZO DI CADORE;BELLUNO;Veneto;;2015;2015-10-05T14:47:56Z;3773347181;12.2469714;46.6166695
AURONZO DI CADORE;BELLUNO;Veneto;;2015;2015-10-05T14:47:56Z;3773347182;12.2484471999999;46.6166701
AURONZO DI CADORE;BELLUNO;Veneto;;2015;2015-10-05T14:47:56Z;3773347183;12.2469804;46.6166814999999
AURONZO DI CADORE;BELLUNO;Veneto;;2015;2015-10-05T14:47:56Z;3773347184;12.2472911999999;46.6166825
AURONZO DI CADORE;BELLUNO;Veneto;;2015;2015-10-05T14:47:56Z;3773347185;12.2474221;46.6166891
AURONZO DI CADORE;BELLUNO;Veneto;;2015;2015-10-05T14:47:56Z;3773347186;12.247381;46.6166903
AURONZO DI CADORE;BELLUNO;Veneto;;2015;2015-10-05T14:47:56Z;3773347187;12.2477038999999;46.6166914
AURONZO DI CADORE;BELLUNO;Veneto;;2015;2015-10-05T14:47:56Z;3773347188;12.2469715;46.616698
AURONZO DI CADORE;BELLUNO;Veneto;;2015;2015-10-05T14:47:56Z;3773347189;12.2469555;46.6167024
AURONZO DI CADORE;BELLUNO;Veneto;;2015;2015-10-05T14:47:56Z;3773347190;12.2469555;46.6167024
AURONZO DI CADORE;BELLUNO;Veneto;;2015;2015-10-05T14:47:56Z;3773347191;12.2473132;46.6167026
AURONZO DI CADORE;BELLUNO;Veneto;;2015;2015-10-05T14:47:56Z;3773347192;12.2434895;46.6167043
AURONZO DI CADORE;BELLUNO;Veneto;;2015;2015-10-05T14:47:56Z;3773347193;12.2472303;46.6167087999999
AURONZO DI CADORE;BELLUNO;Veneto;;2015;2015-10-05T14:47:56Z;3773347194;12.2435199;46.6167092999999
AURONZO DI CADORE;BELLUNO;Veneto;;2015;2015-10-05T14:47:56Z;3773347195;12.2469786;46.6167104
AURONZO DI CADORE;BELLUNO;Veneto;;2015;2015-10-05T14:47:56Z;3773347196;12.2469626;46.6167147999999
AURONZO DI CADORE;BELLUNO;Veneto;;2015;2015-10-05T14:47:56Z;3773347197;12.2462906999999;46.6167197999999
AURONZO DI CADORE;BELLUNO;Veneto;;2015;2015-10-05T14:47:56Z;3773347198;12.2463199;46.6167219
AURONZO DI CADORE;BELLUNO;Veneto;;2015;2015-10-05T14:47:56Z;3773347199;12.2472523;46.6167292
AURONZO DI CADORE;BELLUNO;Veneto;;2015;2015-10-05T14:47:57Z;3773347200;12.2472523;46.6167292
AURONZO DI CADORE;BELLUNO;Veneto;;2015;2015-10-05T14:47:57Z;3773347201;12.2434786;46.6167293
AURONZO DI CADORE;BELLUNO;Veneto;;2015;2015-10-05T14:47:57Z;3773347202;12.2435063;46.6167358
AURONZO DI CADORE;BELLUNO;Veneto;;2015;2015-10-05T14:47:57Z;3773347203;12.2435063;46.6167358
AURONZO DI CADORE;BELLUNO;Veneto;;2015;2015-10-05T14:47:57Z;3773347204;12.2469009;46.6167415
AURONZO DI CADORE;BELLUNO;Veneto;;2015;2015-10-05T14:47:57Z;3773347205;12.2462874999999;46.6167431
AURONZO DI CADORE;BELLUNO;Veneto;;2015;2015-10-05T14:47:57Z;3773347206;12.2463190999999;46.6167436
AURONZO DI CADORE;BELLUNO;Veneto;;2015;2015-10-05T14:47:57Z;3773347207;12.2463190999999;46.6167436
AURONZO DI CADORE;BELLUNO;Veneto;;2015;2015-10-05T14:47:57Z;3773347208;12.2434083;46.6167571
AURONZO DI CADORE;BELLUNO;Veneto;;2015;2015-10-05T14:47:57Z;3773347209;12.2434083;46.6167571
AURONZO DI CADORE;BELLUNO;Veneto;;2015;2015-10-05T14:47:57Z;3773347210;12.2469295;46.6167608
AURONZO DI CADORE;BELLUNO;Veneto;;2015;2015-10-05T14:47:57Z;3773347211;12.2433417;46.6167649
AURONZO DI CADORE;BELLUNO;Veneto;;2015;2015-10-05T14:47:57Z;3773347212;12.2468562;46.6167737999999
AURONZO DI CADORE;BELLUNO;Veneto;;2015;2015-10-05T14:47:57Z;3773347213;12.2468562;46.6167737999999
AURONZO DI CADORE;BELLUNO;Veneto;;2015;2015-10-05T14:47:57Z;3773347214;12.2434092;46.6167818999999
AURONZO DI CADORE;BELLUNO;Veneto;;2015;2015-10-05T14:47:57Z;3773347215;12.2433456;46.6167882
AURONZO DI CADORE;BELLUNO;Veneto;;2015;2015-10-05T14:47:57Z;3773347216;12.2468831;46.6167901
AURONZO DI CADORE;BELLUNO;Veneto;;2015;2015-10-05T14:47:58Z;3773347217;12.2471014999999;46.6168169
AURONZO DI CADORE;BELLUNO;Veneto;;2015;2015-10-05T14:47:58Z;3773347218;12.2471034;46.6168201999999
AURONZO DI CADORE;BELLUNO;Veneto;;2015;2015-10-05T14:47:58Z;3773347219;12.2470823;46.6168223999999
AURONZO DI CADORE;BELLUNO;Veneto;;2015;2015-10-05T14:47:58Z;3773347220;12.2470823;46.6168223999999
AURONZO DI CADORE;BELLUNO;Veneto;;2015;2015-10-05T14:47:58Z;3773347221;12.2471055999999;46.6168236999999
AURONZO DI CADORE;BELLUNO;Veneto;;2015;2015-10-05T14:47:58Z;3773347222;12.2470864;46.6168291999999
AURONZO DI CADORE;BELLUNO;Veneto;;2015;2015-10-05T14:47:58Z;3773347223;12.2469015999999;46.6168448999999
AURONZO DI CADORE;BELLUNO;Veneto;;2015;2015-10-05T14:47:58Z;3773347224;12.2469015999999;46.6168448999999
AURONZO DI CADORE;BELLUNO;Veneto;;2015;2015-10-05T14:47:58Z;3773347228;12.2469227;46.6168586
AURONZO DI CADORE;BELLUNO;Veneto;;2015;2015-10-05T14:47:58Z;3773347229;12.2468784;46.6168617
AURONZO DI CADORE;BELLUNO;Veneto;;2015;2015-10-05T14:47:58Z;3773347230;12.2468995;46.6168756
AURONZO DI CADORE;BELLUNO;Veneto;;2015;2015-10-05T14:47:59Z;3773347245;12.2462529;46.6169315
AURONZO DI CADORE;BELLUNO;Veneto;;2015;2015-10-05T14:47:59Z;3773347247;12.2461804999999;46.6169336
AURONZO DI CADORE;BELLUNO;Veneto;;2015;2015-10-05T14:47:59Z;3773347248;12.2461804999999;46.6169336
AURONZO DI CADORE;BELLUNO;Veneto;;2015;2015-10-05T14:48:00Z;3773347251;12.2462551;46.6169683999999
AURONZO DI CADORE;BELLUNO;Veneto;;2015;2015-10-05T14:48:00Z;3773347252;12.2461827;46.6169704
AURONZO DI CADORE;BELLUNO;Veneto;;2015;2015-10-05T14:48:02Z;3773347475;12.2466302;46.6194922
AURONZO DI CADORE;BELLUNO;Veneto;;2015;2015-10-05T14:48:02Z;3773347476;12.2466545999999;46.6195093999999
AURONZO DI CADORE;BELLUNO;Veneto;;2015;2015-10-05T14:48:02Z;3773347477;12.246592;46.6195154999999
AURONZO DI CADORE;BELLUNO;Veneto;;2015;2015-10-05T14:48:02Z;3773347478;12.246592;46.6195154999999
AURONZO DI CADORE;BELLUNO;Veneto;;2015;2015-10-05T14:48:02Z;3773347479;12.246608;46.6195346
AURONZO DI CADORE;BELLUNO;Veneto;;2015;2015-10-05T14:48:02Z;3773347480;12.2467568;46.6195821
AURONZO DI CADORE;BELLUNO;Veneto;;2015;2015-10-05T14:48:02Z;3773347481;12.2467827;46.6196099
AURONZO DI CADORE;BELLUNO;Veneto;;2015;2015-10-05T14:48:02Z;3773347482;12.2466725;46.6196166
AURONZO DI CADORE;BELLUNO;Veneto;;2015;2015-10-05T14:48:02Z;3773347483;12.2466725;46.6196166
AURONZO DI CADORE;BELLUNO;Veneto;;2015;2015-10-05T14:48:02Z;3773347484;12.2466965;46.6196434
AURONZO DI CADORE;BELLUNO;Veneto;;2015;2015-10-05T14:48:02Z;3773347485;12.2469163;46.6197645
AURONZO DI CADORE;BELLUNO;Veneto;;2015;2015-10-05T14:48:02Z;3773347486;12.2468767;46.6197657
AURONZO DI CADORE;BELLUNO;Veneto;;2015;2015-10-05T14:48:02Z;3773347487;12.2469176999999;46.6197840999999
AURONZO DI CADORE;BELLUNO;Veneto;;2015;2015-10-05T14:48:02Z;3773347488;12.2468778;46.6197852999999
AURONZO DI CADORE;BELLUNO;Veneto;;2015;2015-10-05T14:48:02Z;3773347489;12.2468778;46.6197852999999
AURONZO DI CADORE;BELLUNO;Veneto;;2015;2015-10-05T14:48:02Z;3773347490;12.2471502999999;46.6198054999999
AURONZO DI CADORE;BELLUNO;Veneto;;2015;2015-10-05T14:48:02Z;3773347491;12.247132;46.6198167
AURONZO DI CADORE;BELLUNO;Veneto;;2015;2015-10-05T14:48:03Z;3773347492;12.247132;46.6198167
AURONZO DI CADORE;BELLUNO;Veneto;;2015;2015-10-05T14:48:03Z;3773347493;12.2471771;46.619819
AURONZO DI CADORE;BELLUNO;Veneto;;2015;2015-10-05T14:48:03Z;3773347494;12.2471607;46.6198325
AURONZO DI CADORE;BELLUNO;Veneto;;2015;2015-10-05T14:48:03Z;3773347495;12.2477335;46.6204247
AURONZO DI CADORE;BELLUNO;Veneto;;2015;2015-10-05T14:48:03Z;3773347496;12.2476197;46.6204291999999
AURONZO DI CADORE;BELLUNO;Veneto;;2015;2015-10-05T14:48:03Z;3773347497;12.2476465;46.6204437999999
AURONZO DI CADORE;BELLUNO;Veneto;;2015;2015-10-05T14:48:03Z;3773347498;12.2476465;46.6204437999999
AURONZO DI CADORE;BELLUNO;Veneto;;2015;2015-10-05T14:48:03Z;3773347499;12.2477640999999;46.6204453
AURONZO DI CADORE;BELLUNO;Veneto;;2015;2015-10-05T14:48:03Z;3773347500;12.2476986;46.6204484
AURONZO DI CADORE;BELLUNO;Veneto;;2015;2015-10-05T14:48:03Z;3773347501;12.2476986;46.6204484
AURONZO DI CADORE;BELLUNO;Veneto;;2015;2015-10-05T14:48:03Z;3773347502;12.2475983999999;46.6204487999999
AURONZO DI CADORE;BELLUNO;Veneto;;2015;2015-10-05T14:48:03Z;3773347503;12.248119;46.6204512999999
AURONZO DI CADORE;BELLUNO;Veneto;;2015;2015-10-05T14:48:03Z;3773347504;12.2481127999999;46.6204535
AURONZO DI CADORE;BELLUNO;Veneto;;2015;2015-10-05T14:48:03Z;3773347505;12.2481489;46.6204541
AURONZO DI CADORE;BELLUNO;Veneto;;2015;2015-10-05T14:48:03Z;3773347506;12.2481489;46.6204541
AURONZO DI CADORE;BELLUNO;Veneto;;2015;2015-10-05T14:48:03Z;3773347507;12.24811;46.6204544
AURONZO DI CADORE;BELLUNO;Veneto;;2015;2015-10-05T14:48:03Z;3773347508;12.2481054;46.6204594
AURONZO DI CADORE;BELLUNO;Veneto;;2015;2015-10-05T14:48:03Z;3773347509;12.2476286;46.6204621999999
AURONZO DI CADORE;BELLUNO;Veneto;;2015;2015-10-05T14:48:04Z;3773347510;12.2477309;46.6204675999999
AURONZO DI CADORE;BELLUNO;Veneto;;2015;2015-10-05T14:48:04Z;3773347511;12.2481320999999;46.6204741
AURONZO DI CADORE;BELLUNO;Veneto;;2015;2015-10-05T14:48:04Z;3773347512;12.2483480999999;46.620618
AURONZO DI CADORE;BELLUNO;Veneto;;2015;2015-10-05T14:48:04Z;3773347513;12.2483217;46.6206389999999
AURONZO DI CADORE;BELLUNO;Veneto;;2015;2015-10-05T14:48:04Z;3773347514;12.248395;46.6206499999999
AURONZO DI CADORE;BELLUNO;Veneto;;2015;2015-10-05T14:48:04Z;3773347515;12.248395;46.6206499999999
AURONZO DI CADORE;BELLUNO;Veneto;;2015;2015-10-05T14:48:04Z;3773347516;12.2484164;46.6206613
AURONZO DI CADORE;BELLUNO;Veneto;;2015;2015-10-05T14:48:04Z;3773347517;12.2483735;46.6206673
AURONZO DI CADORE;BELLUNO;Veneto;;2015;2015-10-05T14:48:04Z;3773347518;12.2484345;46.6206737999999
AURONZO DI CADORE;BELLUNO;Veneto;;2015;2015-10-05T14:48:04Z;3773347519;12.2483999;46.6206748
AURONZO DI CADORE;BELLUNO;Veneto;;2015;2015-10-05T14:48:04Z;3773347520;12.2484145;46.6206875
AURONZO DI CADORE;BELLUNO;Veneto;;2015;2015-10-05T14:48:04Z;3773347521;12.2484145;46.6206875
AURONZO DI CADORE;BELLUNO;Veneto;;2015;2015-10-05T14:48:04Z;3773347522;12.2501967;46.6208689999999
AURONZO DI CADORE;BELLUNO;Veneto;;2015;2015-10-05T14:48:04Z;3773347523;12.2501849;46.6208753
AURONZO DI CADORE;BELLUNO;Veneto;;2015;2015-10-05T14:48:04Z;3773347524;12.2501849;46.6208753
AURONZO DI CADORE;BELLUNO;Veneto;;2015;2015-10-05T14:48:04Z;3773347525;12.2502356999999;46.620887
AURONZO DI CADORE;BELLUNO;Veneto;;2015;2015-10-05T14:48:04Z;3773347526;12.2501558999999;46.6209107
AURONZO DI CADORE;BELLUNO;Veneto;;2015;2015-10-05T14:48:04Z;3773347527;12.2485012;46.6209232
AURONZO DI CADORE;BELLUNO;Veneto;;2015;2015-10-05T14:48:05Z;3773347528;12.2485012;46.6209232
AURONZO DI CADORE;BELLUNO;Veneto;;2015;2015-10-05T14:48:05Z;3773347529;12.2484563;46.6209245
AURONZO DI CADORE;BELLUNO;Veneto;;2015;2015-10-05T14:48:05Z;3773347530;12.2502001;46.6209272999999
AURONZO DI CADORE;BELLUNO;Veneto;;2015;2015-10-05T14:48:05Z;3773347531;12.2485008;46.6209458
AURONZO DI CADORE;BELLUNO;Veneto;;2015;2015-10-05T14:48:05Z;3773347532;12.2484594;46.620947
AURONZO DI CADORE;BELLUNO;Veneto;;2015;2015-10-05T14:48:05Z;3773347535;12.2482445;46.6210804999999
AURONZO DI CADORE;BELLUNO;Veneto;;2015;2015-10-05T14:48:05Z;3773347538;12.2497592999999;46.6210969999999
AURONZO DI CADORE;BELLUNO;Veneto;;2015;2015-10-05T14:48:05Z;3773347539;12.2497041;46.6210997
AURONZO DI CADORE;BELLUNO;Veneto;;2015;2015-10-05T14:48:05Z;3773347540;12.2497041;46.6210997
AURONZO DI CADORE;BELLUNO;Veneto;;2015;2015-10-05T14:48:05Z;3773347541;12.2497700999999;46.6211907
AURONZO DI CADORE;BELLUNO;Veneto;;2015;2015-10-05T14:48:05Z;3773347542;12.2497167;46.6211946
AURONZO DI CADORE;BELLUNO;Veneto;;2015;2015-10-05T14:48:05Z;3773347543;12.2495218;46.6213442
AURONZO DI CADORE;BELLUNO;Veneto;;2015;2015-10-05T14:48:05Z;3773347544;12.2494745;46.6213622
AURONZO DI CADORE;BELLUNO;Veneto;;2015;2015-10-05T14:48:06Z;3773347545;12.2495405;46.6213686999999
AURONZO DI CADORE;BELLUNO;Veneto;;2015;2015-10-05T14:48:06Z;3773347546;12.2494838;46.6213739
AURONZO DI CADORE;BELLUNO;Veneto;;2015;2015-10-05T14:48:06Z;3773347547;12.2494838;46.6213739
AURONZO DI CADORE;BELLUNO;Veneto;;2015;2015-10-05T14:48:06Z;3773347548;12.2494932999999;46.6213879
AURONZO DI CADORE;BELLUNO;Veneto;;2015;2015-10-05T14:48:06Z;3773347549;12.2473659;46.6216745999999
AURONZO DI CADORE;BELLUNO;Veneto;;2015;2015-10-05T14:48:06Z;3773347550;12.2473659;46.6216745999999
AURONZO DI CADORE;BELLUNO;Veneto;;2015;2015-10-05T14:48:06Z;3773347551;12.2473799;46.6216781999999
AURONZO DI CADORE;BELLUNO;Veneto;;2015;2015-10-05T14:48:06Z;3773347552;12.2473974;46.6216808
AURONZO DI CADORE;BELLUNO;Veneto;;2015;2015-10-05T14:48:06Z;3773347553;12.2473537;46.6217011
AURONZO DI CADORE;BELLUNO;Veneto;;2015;2015-10-05T14:48:06Z;3773347554;12.2473852;46.6217085999999
AURONZO DI CADORE;BELLUNO;Veneto;;2015;2015-10-05T14:48:06Z;3773347555;12.2489237;46.6219553999999
AURONZO DI CADORE;BELLUNO;Veneto;;2015;2015-10-05T14:48:06Z;3773347556;12.2489174;46.6219668999999
AURONZO DI CADORE;BELLUNO;Veneto;;2015;2015-10-05T14:48:06Z;3773347757;12.2489586;46.6219682999999
AURONZO DI CADORE;BELLUNO;Veneto;;2015;2015-10-05T14:48:06Z;3773347758;12.2489043;46.6219833999999
AURONZO DI CADORE;BELLUNO;Veneto;;2015;2015-10-05T14:48:06Z;3773347759;12.2489187;46.6219879
AURONZO DI CADORE;BELLUNO;Veneto;;2015;2015-10-05T14:48:06Z;3773347760;12.2489401;46.6219953
AURONZO DI CADORE;BELLUNO;Veneto;;2015;2015-10-05T14:48:06Z;3773347761;12.2489401;46.6219953
AURONZO DI CADORE;BELLUNO;Veneto;;2015;2015-10-05T14:48:06Z;3773347762;12.2500430999999;46.6220854999999
AURONZO DI CADORE;BELLUNO;Veneto;;2015;2015-10-05T14:48:06Z;3773347763;12.2500430999999;46.6220854999999
AURONZO DI CADORE;BELLUNO;Veneto;;2015;2015-10-05T14:48:07Z;3773347764;12.25;46.6220866999999
AURONZO DI CADORE;BELLUNO;Veneto;;2015;2015-10-05T14:48:07Z;3773347765;12.2499974999999;46.6221606
AURONZO DI CADORE;BELLUNO;Veneto;;2015;2015-10-05T14:48:07Z;3773347766;12.2500391;46.6221618
AURONZO DI CADORE;BELLUNO;Veneto;;2015;2015-10-05T14:48:07Z;3773347767;12.2498558;46.6222753999999
AURONZO DI CADORE;BELLUNO;Veneto;;2015;2015-10-05T14:48:07Z;3773347768;12.2498961;46.6222848999999
AURONZO DI CADORE;BELLUNO;Veneto;;2015;2015-10-05T14:48:07Z;3773347769;12.2498369999999;46.6223080999999
AURONZO DI CADORE;BELLUNO;Veneto;;2015;2015-10-05T14:48:07Z;3773347770;12.2498369999999;46.6223080999999
AURONZO DI CADORE;BELLUNO;Veneto;;2015;2015-10-05T14:48:07Z;3773347771;12.2498722;46.6223189999999
AURONZO DI CADORE;BELLUNO;Veneto;;2015;2015-10-05T14:48:07Z;3773347772;12.2498048;46.6223469999999
AURONZO DI CADORE;BELLUNO;Veneto;;2015;2015-10-05T14:48:07Z;3773347773;12.2497414;46.622356
AURONZO DI CADORE;BELLUNO;Veneto;;2015;2015-10-05T14:48:07Z;3773347774;12.2498144999999;46.6223943999999
AURONZO DI CADORE;BELLUNO;Veneto;;2015;2015-10-05T14:48:07Z;3773347775;12.2497528;46.6224021
AURONZO DI CADORE;BELLUNO;Veneto;;2015;2015-10-05T14:48:07Z;3773347776;12.2497528;46.6224021
AURONZO DI CADORE;BELLUNO;Veneto;;2015;2015-10-05T14:48:08Z;3773347777;12.2501713;46.6224069
AURONZO DI CADORE;BELLUNO;Veneto;;2015;2015-10-05T14:48:08Z;3773347778;12.2501449;46.6224290999999
AURONZO DI CADORE;BELLUNO;Veneto;;2015;2015-10-05T14:48:08Z;3773347779;12.2501449;46.6224290999999
AURONZO DI CADORE;BELLUNO;Veneto;;2015;2015-10-05T14:48:08Z;3773347780;12.2500298999999;46.6224406999999
AURONZO DI CADORE;BELLUNO;Veneto;;2015;2015-10-05T14:48:08Z;3773347781;12.2500298999999;46.6224406999999
AURONZO DI CADORE;BELLUNO;Veneto;;2015;2015-10-05T14:48:08Z;3773347782;12.2502461999999;46.6224464
AURONZO DI CADORE;BELLUNO;Veneto;;2015;2015-10-05T14:48:08Z;3773347783;12.2500012999999;46.6224533999999
AURONZO DI CADORE;BELLUNO;Veneto;;2015;2015-10-05T14:48:08Z;3773347784;12.2500465;46.6224581
AURONZO DI CADORE;BELLUNO;Veneto;;2015;2015-10-05T14:48:08Z;3773347785;12.2502198;46.6224673999999
AURONZO DI CADORE;BELLUNO;Veneto;;2015;2015-10-05T14:48:08Z;3773347786;12.2500193999999;46.6224684
AURONZO DI CADORE;BELLUNO;Veneto;;2015;2015-10-05T14:48:08Z;3773347787;12.2501738;46.6225639999999
AURONZO DI CADORE;BELLUNO;Veneto;;2015;2015-10-05T14:48:08Z;3773347788;12.2501738;46.6225639999999
AURONZO DI CADORE;BELLUNO;Veneto;;2015;2015-10-05T14:48:08Z;3773347789;12.2502032;46.6225644
AURONZO DI CADORE;BELLUNO;Veneto;;2015;2015-10-05T14:48:08Z;3773347790;12.2502028;46.622587
AURONZO DI CADORE;BELLUNO;Veneto;;2015;2015-10-05T14:48:08Z;3773347791;12.2501734;46.6225877999999
AURONZO DI CADORE;BELLUNO;Veneto;;2015;2015-10-05T14:48:08Z;3773347792;12.2504231;46.6226022
AURONZO DI CADORE;BELLUNO;Veneto;;2015;2015-10-05T14:48:08Z;3773347793;12.2504586999999;46.6226178
AURONZO DI CADORE;BELLUNO;Veneto;;2015;2015-10-05T14:48:08Z;3773347794;12.2503183999999;46.6227562999999
AURONZO DI CADORE;BELLUNO;Veneto;;2015;2015-10-05T14:48:09Z;3773347795;12.2503183999999;46.6227562999999
AURONZO DI CADORE;BELLUNO;Veneto;;2015;2015-10-05T14:48:09Z;3773347796;12.2503501;46.6227661
AURONZO DI CADORE;BELLUNO;Veneto;;2015;2015-10-06T07:40:40Z;3773347533;12.2482706;46.6210943
AURONZO DI CADORE;BELLUNO;Veneto;;2015;2015-10-06T07:40:40Z;3773347534;12.2482764;46.6210870999999
AURONZO DI CADORE;BELLUNO;Veneto;;2015;2015-10-06T07:40:40Z;3773347536;12.2482671;46.6210998999999
AURONZO DI CADORE;BELLUNO;Veneto;;2015;2015-10-06T07:40:40Z;3773347537;12.2482367;46.6210935
AURONZO DI CADORE;BELLUNO;Veneto;;2015;2015-10-06T08:04:54Z;3773347157;12.2478054;46.6166345
AURONZO DI CADORE;BELLUNO;Veneto;;2015;2015-10-06T08:04:54Z;3773347178;12.2476914;46.6166642
CORTINA D'AMPEZZO;BELLUNO;Veneto;Lagazuoi-mines;2012;2012-07-15T13:24:38Z;1824499981;12.011645;46.5273042
LIVINALLONGO DEL COL DI LANA;BELLUNO;Veneto;Position Edelweiss;2013;2013-07-30T21:23:22Z;482985087;11.9882512;46.5263497999999
VIGO DI CADORE;BELLUNO;Veneto;Postazione Col Ciampon;2012;2012-06-18T18:31:11Z;1793467755;12.4768563;46.5093054
CAVASO DEL TOMBA;TREVISO;Veneto;Trincee Cesil;2013;2013-06-25T17:46:57Z;2360709607;11.8698803;45.8807230999999
PEDEROBBA;TREVISO;Veneto;;2013;2013-03-19T17:40:07Z;2210169747;11.9460494;45.8833239
SAN ZENONE DEGLI EZZELINI;TREVISO;Veneto;Trincee prima guerra mondiale;2013;2013-06-09T10:17:15Z;2337990254;11.8252606999999;45.7924395
DOBERDO' DEL LAGO;GORIZIA;Friuli-Venezia Giulia;;2010;2010-11-28T14:42:07Z;1010903009;13.5741034;45.8409884
RONCHI DEI LEGIONARI;GORIZIA;Friuli-Venezia Giulia;;2010;2010-05-23T22:56:50Z;746865273;13.5204029;45.8391592999999
RONCHI DEI LEGIONARI;GORIZIA;Friuli-Venezia Giulia;Sei Busi;2011;2011-01-15T18:41:18Z;1104945437;13.5089159;45.8435230999999
RONCHI DEI LEGIONARI;GORIZIA;Friuli-Venezia Giulia;trincea;2010;2010-05-31T19:18:47Z;760627414;13.528665;45.831028
SAGRADO;GORIZIA;Friuli-Venezia Giulia;Grande Guerra '15-'18;2013;2013-03-20T21:33:23Z;1705457560;13.5181909;45.8697067
SAVOGNA D'ISONZO;GORIZIA;Friuli-Venezia Giulia;;2012;2012-08-10T14:45:16Z;1860323375;13.5757648999999;45.874253
MONTESE;MODENA;Emilia-Romagna;fox holes WWII;2014;2014-08-18T17:09:57Z;3025050854;10.8963101;44.2092967
MONTESE;MODENA;Emilia-Romagna;fox holes WWII;2014;2014-08-18T17:09:57Z;3025050855;10.8958982;44.2094213
MONTESE;MODENA;Emilia-Romagna;fox holes WWII;2014;2014-08-18T17:09:57Z;3025050856;10.8958517;44.2097728
CASTEL D'AIANO;CITTA' METROPOLITANA DI BOLOGNA;Emilia-Romagna;Trincee Linea Gotica;2014;2014-01-05T15:37:29Z;2611046366;11.01366;44.2869801
CASTEL D'AIANO;CITTA' METROPOLITANA DI BOLOGNA;Emilia-Romagna;Trincee Linea Gotica;2014;2014-01-05T15:37:29Z;2611046369;11.0041443999999;44.2966428
LIZZANO IN BELVEDERE;CITTA' METROPOLITANA DI BOLOGNA;Emilia-Romagna;Trincee tedesche WWII;2014;2014-08-18T17:09:57Z;3025050853;10.8987583;44.2057571
CASOLA VALSENIO;RAVENNA;Emilia-Romagna;2° WW;2014;2014-08-16T19:46:40Z;3020920096;11.5793607;44.2178249999999
SANTA SOFIA;FORLI';Emilia-Romagna;San Paolo in Alpe;2010;2010-11-03T22:06:06Z;976138836;11.7996158999999;43.8771914
SCARPERIA E SAN PIERO;CITTA' METROPOLITANA DI FIRENZE;Toscana;Peabody peak;2015;2015-07-13T14:02:39Z;3649063268;11.3848123;44.0408161
CASTAGNETO CARDUCCI;LIVORNO;Toscana;Riparo dei Partigiani;2015;2015-01-22T18:38:35Z;2298521287;10.6138125999999;43.1037088
ROSIGNANO MARITTIMO;LIVORNO;Toscana;Bunker sul Fine e su Poggio Iberna;2013;2013-02-11T17:15:51Z;2150631570;10.4893111;43.4034306
SAN GIMIGNANO;SIENA;Toscana;Capanni dei Partigiani;2011;2011-04-11T09:34:44Z;1240702656;10.9977234;43.4567489
TUORO SUL TRASIMENO;PERUGIA;Umbria;Trasimeno (217 a.C.);2010;2010-01-13T17:42:43Z;613020424;12.0567180999999;43.2185579
MARCELLINA;CITTA' METROPOLITANA DI ROMA CAPITALE;Lazio;Memorial F. Paolone;2011;2011-02-03T11:34:48Z;1133648562;12.8060391;42.0185663999999
CASSINO;FROSINONE;Lazio;Battaglia Montecassino - Albaneta;2012;2012-04-30T20:36:22Z;1736653980;13.7976645999999;41.4978535999999
CASSINO;FROSINONE;Lazio;Casa del Dottore;2012;2012-04-30T20:40:36Z;1736656178;13.8039514;41.5011964999999
CASSINO;FROSINONE;Lazio;Linea Gustav;2013;2013-03-21T08:57:05Z;1751695082;13.8341528;41.4442729
SANT'ELIA FIUMERAPIDO;FROSINONE;Lazio;Fortini Tedeschi di Monte Cifalco;2012;2012-06-06T21:50:38Z;1778466951;13.8576762;41.5736399999999
VALLEMAIO;FROSINONE;Lazio;Battaglie Linea Gustav;2012;2012-05-05T08:00:05Z;1741128234;13.8335151;41.3388367
MAGLIANO DE' MARSI;L'AQUILA;Abruzzo;Battaglia Piani Palentini 1268;2013;2013-02-22T17:47:19Z;2167330060;13.3609138;42.0720206
CERIGNOLA;FOGGIA;Puglia;Battaglia di Cerignola;2013;2013-04-10T20:57:36Z;291279350;15.8784931;41.2671514999999
BARI;CITTA' METROPOLITANA DI BARI;Puglia;Campo alleato 1943;2015;2015-04-27T09:09:38Z;3419406415;16.8176609;41.0819248
BARI;CITTA' METROPOLITANA DI BARI;Puglia;Campo di prigionia Torre Tresca;2015;2015-03-26T10:55:17Z;3419428382;16.8490287;41.0887231999999
GIOIOSA MAREA;CITTA' METROPOLITANA DI MESSINA;Sicilia;Muro di Garibaldi;2013;2013-08-15T16:21:20Z;2419970430;14.9080806999999;38.1844050999999
MONFORTE SAN GIORGIO;CITTA' METROPOLITANA DI MESSINA;Sicilia;;2015;2015-01-24T09:47:16Z;3307205749;15.3833692;38.1562679
CATANIA;CITTA' METROPOLITANA DI CATANIA;Sicilia;Scacco di Ognina;2013;2013-03-28T12:38:32Z;2231799132;15.1165976;37.5304872
CARENNO;LECCO;Lombardia;Passo del Pertüs;2014;2014-08-22T14:27:10Z;1338312637;9.4772243;45.8184642
ISOLA DI CAPO RIZZUTO;CROTONE;Calabria;Trincee della Seconda Guerra Mondiale;2014;2014-08-26T19:51:19Z;3044385455;17.0953403;38.8937810999999
CANNOBIO;VERBANIA;Piemonte;;2011;2011-08-27T16:11:35Z;1414937168;8.70088619999999;46.0594461
BARLETTA;BARLETTA-ANDRIA-TRANI;Puglia;Battaglia di Canne;2015;2015-07-27T06:07:46Z;600406059;16.1490554999999;41.3048452999999
SPINAZZOLA;BARLETTA-ANDRIA-TRANI;Puglia;Ex Sito Jupiter Spinazzola;2015;2015-10-22T19:30:42Z;2232464121;16.1818114;40.9620287999999
XfHAE;ADGNARNGT;ADGMRWQMY;SFHMS;SFHMSH;SFHMSGH;SFHMSFHM;XV;SRTJEYJ
